timestamp,appName,duration
2025-04-16 13:33:27,pos-apply-sgp-aks-sea-emm-prd,0.058
2025-04-17 03:07:31,pos-apply-sgp-aks-sea-emm-prd,1.781
2025-04-17 05:20:29,pos-apply-sgp-aks-sea-emm-prd,0.026
2025-04-17 05:20:55,pos-apply-sgp-aks-sea-emm-prd,0.017
2025-04-17 08:08:34,pos-apply-sgp-aks-sea-emm-prd,0.05
2025-04-17 08:10:21,pos-apply-sgp-aks-sea-emm-prd,0.055
2025-04-18 02:48:01,pos-apply-sgp-aks-sea-emm-prd,0.029
2025-04-18 06:02:15,pos-apply-sgp-aks-sea-emm-prd,0.03
2025-04-18 06:02:37,pos-apply-sgp-aks-sea-emm-prd,0.032
2025-04-18 06:27:40,pos-apply-sgp-aks-sea-emm-prd,1.47
2025-04-18 06:27:56,pos-apply-sgp-aks-sea-emm-prd,1.255
2025-04-18 07:01:52,pos-apply-sgp-aks-sea-emm-prd,0.017
2025-04-18 07:05:17,pos-apply-sgp-aks-sea-emm-prd,0.016
2025-04-18 11:58:31,pos-apply-sgp-aks-sea-emm-prd,0.024
2025-04-18 11:58:48,pos-apply-sgp-aks-sea-emm-prd,0.024
2025-04-19 03:51:06,pos-apply-sgp-aks-sea-emm-prd,0.065
2025-04-19 03:51:20,pos-apply-sgp-aks-sea-emm-prd,0.027
2025-04-19 08:29:59,pos-apply-sgp-aks-sea-emm-prd,0.031
2025-04-19 08:30:12,pos-apply-sgp-aks-sea-emm-prd,0.022
2025-04-19 08:31:09,pos-apply-sgp-aks-sea-emm-prd,0.018
2025-04-19 08:32:03,pos-apply-sgp-aks-sea-emm-prd,0.023
2025-04-19 08:32:21,pos-apply-sgp-aks-sea-emm-prd,0.027
2025-04-19 08:47:52,pos-apply-sgp-aks-sea-emm-prd,0.048
2025-04-19 18:50:42,pos-apply-sgp-aks-sea-emm-prd,0.405
2025-04-20 01:48:19,pos-apply-sgp-aks-sea-emm-prd,0.055
2025-04-20 01:48:26,pos-apply-sgp-aks-sea-emm-prd,0.025
2025-04-20 02:47:02,pos-apply-sgp-aks-sea-emm-prd,2.666
2025-04-20 07:38:00,pos-apply-sgp-aks-sea-emm-prd,0.042
2025-04-20 07:38:08,pos-apply-sgp-aks-sea-emm-prd,0.039
2025-04-20 14:31:34,pos-apply-sgp-aks-sea-emm-prd,0.048
2025-04-20 14:35:51,pos-apply-sgp-aks-sea-emm-prd,0.055
2025-04-20 14:38:05,pos-apply-sgp-aks-sea-emm-prd,0.054
2025-04-20 14:45:50,pos-apply-sgp-aks-sea-emm-prd,0.043
2025-04-20 14:56:26,pos-apply-sgp-aks-sea-emm-prd,0.022
2025-04-21 01:07:18,pos-apply-sgp-aks-sea-emm-prd,0.022
2025-04-21 01:08:00,pos-apply-sgp-aks-sea-emm-prd,0.014
2025-04-21 01:43:14,pos-apply-sgp-aks-sea-emm-prd,0.024
2025-04-21 08:06:43,pos-apply-sgp-aks-sea-emm-prd,0.024
2025-04-21 08:17:41,pos-apply-sgp-aks-sea-emm-prd,0.024
2025-04-21 13:03:56,pos-apply-sgp-aks-sea-emm-prd,0.021
2025-04-21 20:13:58,pos-apply-sgp-aks-sea-emm-prd,0.048
2025-04-22 02:30:43,pos-apply-sgp-aks-sea-emm-prd,0.069
2025-04-22 08:10:02,pos-apply-sgp-aks-sea-emm-prd,0.021
2025-04-22 08:10:44,pos-apply-sgp-aks-sea-emm-prd,0.021
2025-04-22 08:12:11,pos-apply-sgp-aks-sea-emm-prd,0.021
2025-04-22 08:12:13,pos-apply-sgp-aks-sea-emm-prd,0.015
2025-04-22 08:13:29,pos-apply-sgp-aks-sea-emm-prd,0.02
2025-04-22 08:13:44,pos-apply-sgp-aks-sea-emm-prd,0.466
2025-04-22 12:47:45,pos-apply-sgp-aks-sea-emm-prd,0.038
2025-04-22 12:49:32,pos-apply-sgp-aks-sea-emm-prd,0.026
2025-04-22 12:52:43,pos-apply-sgp-aks-sea-emm-prd,0.036
2025-04-22 12:57:53,pos-apply-sgp-aks-sea-emm-prd,0.079
2025-04-22 13:01:26,pos-apply-sgp-aks-sea-emm-prd,0.032
2025-04-22 13:12:19,pos-apply-sgp-aks-sea-emm-prd,0.032
2025-04-23 06:34:29,pos-apply-sgp-aks-sea-emm-prd,0.02
2025-04-23 06:37:02,pos-apply-sgp-aks-sea-emm-prd,0.026
2025-04-23 06:37:21,pos-apply-sgp-aks-sea-emm-prd,0.02
2025-04-23 06:37:24,pos-apply-sgp-aks-sea-emm-prd,0.016
2025-04-23 06:37:37,pos-apply-sgp-aks-sea-emm-prd,0.024
2025-04-23 06:37:39,pos-apply-sgp-aks-sea-emm-prd,0.016
2025-04-23 06:38:44,pos-apply-sgp-aks-sea-emm-prd,0.027
2025-04-23 07:17:18,pos-apply-sgp-aks-sea-emm-prd,0.046
2025-04-23 07:18:47,pos-apply-sgp-aks-sea-emm-prd,0.061
2025-04-23 07:21:36,pos-apply-sgp-aks-sea-emm-prd,0.057
2025-04-23 07:46:39,pos-apply-sgp-aks-sea-emm-prd,0.033
2025-04-23 07:46:46,pos-apply-sgp-aks-sea-emm-prd,0.047
2025-04-23 09:07:52,pos-apply-sgp-aks-sea-emm-prd,0.021
2025-04-23 09:08:07,pos-apply-sgp-aks-sea-emm-prd,0.018
2025-04-23 09:08:47,pos-apply-sgp-aks-sea-emm-prd,0.026
2025-04-23 09:49:39,pos-apply-sgp-aks-sea-emm-prd,0.05
2025-04-23 09:51:42,pos-apply-sgp-aks-sea-emm-prd,0.044
2025-04-23 10:39:34,pos-apply-sgp-aks-sea-emm-prd,0.015
2025-04-24 01:22:01,pos-apply-sgp-aks-sea-emm-prd,0.018
2025-04-24 02:06:15,pos-apply-sgp-aks-sea-emm-prd,0.021
2025-04-24 03:05:59,pos-apply-sgp-aks-sea-emm-prd,0.017
2025-04-24 03:08:54,pos-apply-sgp-aks-sea-emm-prd,0.022
2025-04-24 04:08:59,pos-apply-sgp-aks-sea-emm-prd,0.033
2025-04-24 04:09:06,pos-apply-sgp-aks-sea-emm-prd,0.031
2025-04-24 05:13:29,pos-apply-sgp-aks-sea-emm-prd,5.018
2025-04-24 05:14:51,pos-apply-sgp-aks-sea-emm-prd,25.039
2025-04-24 07:37:53,pos-apply-sgp-aks-sea-emm-prd,0.022
2025-04-24 09:19:52,pos-apply-sgp-aks-sea-emm-prd,0.021
2025-04-24 09:49:58,pos-apply-sgp-aks-sea-emm-prd,0.053
2025-04-24 11:30:01,pos-apply-sgp-aks-sea-emm-prd,10.019
2025-04-24 12:30:09,pos-apply-sgp-aks-sea-emm-prd,1.721
2025-04-25 00:02:26,pos-apply-sgp-aks-sea-emm-prd,0.025
2025-04-25 00:02:45,pos-apply-sgp-aks-sea-emm-prd,0.017
2025-04-25 03:46:22,pos-apply-sgp-aks-sea-emm-prd,25.036
2025-04-25 04:45:56,pos-apply-sgp-aks-sea-emm-prd,0.024
2025-04-25 05:15:06,pos-apply-sgp-aks-sea-emm-prd,0.196
2025-04-25 05:17:52,pos-apply-sgp-aks-sea-emm-prd,0.042
2025-04-25 05:20:49,pos-apply-sgp-aks-sea-emm-prd,0.052
2025-04-25 05:27:54,pos-apply-sgp-aks-sea-emm-prd,0.064
2025-04-25 05:28:21,pos-apply-sgp-aks-sea-emm-prd,0.047
2025-04-25 05:31:08,pos-apply-sgp-aks-sea-emm-prd,0.037
2025-04-25 05:32:48,pos-apply-sgp-aks-sea-emm-prd,0.041
2025-04-25 06:22:13,pos-apply-sgp-aks-sea-emm-prd,0.02
2025-04-25 06:59:50,pos-apply-sgp-aks-sea-emm-prd,0.024
2025-04-26 01:33:40,pos-apply-sgp-aks-sea-emm-prd,1.188
2025-04-26 01:34:18,pos-apply-sgp-aks-sea-emm-prd,0.639
2025-04-26 01:51:08,pos-apply-sgp-aks-sea-emm-prd,1.677
2025-04-26 01:52:09,pos-apply-sgp-aks-sea-emm-prd,0.619
2025-04-26 02:54:31,pos-apply-sgp-aks-sea-emm-prd,0.022
2025-04-26 02:54:44,pos-apply-sgp-aks-sea-emm-prd,0.026
2025-04-26 03:54:01,pos-apply-sgp-aks-sea-emm-prd,30.04
2025-04-26 03:56:48,pos-apply-sgp-aks-sea-emm-prd,30.038
2025-04-26 03:59:13,pos-apply-sgp-aks-sea-emm-prd,10.026
2025-04-26 06:53:58,pos-apply-sgp-aks-sea-emm-prd,0.029
2025-04-26 15:46:14,pos-apply-sgp-aks-sea-emm-prd,0.984
2025-04-26 15:54:41,pos-apply-sgp-aks-sea-emm-prd,2.86
2025-04-26 15:55:16,pos-apply-sgp-aks-sea-emm-prd,0.758
2025-04-26 16:19:06,pos-apply-sgp-aks-sea-emm-prd,0.786
2025-04-26 16:20:58,pos-apply-sgp-aks-sea-emm-prd,1.183
2025-04-26 16:22:49,pos-apply-sgp-aks-sea-emm-prd,1.247
2025-04-26 16:24:44,pos-apply-sgp-aks-sea-emm-prd,0.703
2025-04-27 03:50:16,pos-apply-sgp-aks-sea-emm-prd,0.021
2025-04-27 08:08:38,pos-apply-sgp-aks-sea-emm-prd,0.035
2025-04-27 08:14:33,pos-apply-sgp-aks-sea-emm-prd,0.031
2025-04-27 09:09:39,pos-apply-sgp-aks-sea-emm-prd,0.021
2025-04-27 11:11:33,pos-apply-sgp-aks-sea-emm-prd,1.156
2025-04-27 11:12:03,pos-apply-sgp-aks-sea-emm-prd,0.644
2025-04-27 11:12:25,pos-apply-sgp-aks-sea-emm-prd,0.591
2025-04-27 11:13:32,pos-apply-sgp-aks-sea-emm-prd,1.039
2025-04-27 11:13:47,pos-apply-sgp-aks-sea-emm-prd,0.638
2025-04-27 11:13:59,pos-apply-sgp-aks-sea-emm-prd,0.667
2025-04-27 14:34:02,pos-apply-sgp-aks-sea-emm-prd,0.571
2025-04-27 15:19:11,pos-apply-sgp-aks-sea-emm-prd,0.732
2025-04-27 15:49:23,pos-apply-sgp-aks-sea-emm-prd,1.054
2025-04-28 03:47:51,pos-apply-sgp-aks-sea-emm-prd,0.055
2025-04-28 03:48:39,pos-apply-sgp-aks-sea-emm-prd,0.018
2025-04-28 06:26:45,pos-apply-sgp-aks-sea-emm-prd,20.036
2025-04-28 11:58:37,pos-apply-sgp-aks-sea-emm-prd,0.017
2025-04-28 11:58:43,pos-apply-sgp-aks-sea-emm-prd,0.019
2025-04-28 12:12:23,pos-apply-sgp-aks-sea-emm-prd,0.021
2025-04-28 12:12:51,pos-apply-sgp-aks-sea-emm-prd,0.021
2025-04-28 12:28:26,pos-apply-sgp-aks-sea-emm-prd,0.039
2025-04-28 13:09:58,pos-apply-sgp-aks-sea-emm-prd,0.031
2025-04-29 03:55:16,pos-apply-sgp-aks-sea-emm-prd,0.022
2025-04-29 03:55:25,pos-apply-sgp-aks-sea-emm-prd,0.021
2025-04-29 06:04:25,pos-apply-sgp-aks-sea-emm-prd,0.021
2025-04-29 07:20:19,pos-apply-sgp-aks-sea-emm-prd,0.053
2025-04-29 08:12:10,pos-apply-sgp-aks-sea-emm-prd,0.026
2025-04-29 08:12:20,pos-apply-sgp-aks-sea-emm-prd,0.015
2025-04-29 08:12:25,pos-apply-sgp-aks-sea-emm-prd,0.069
2025-04-29 08:13:17,pos-apply-sgp-aks-sea-emm-prd,0.04
2025-04-29 08:13:18,pos-apply-sgp-aks-sea-emm-prd,0.039
2025-04-29 08:14:23,pos-apply-sgp-aks-sea-emm-prd,0.021
2025-04-29 08:14:28,pos-apply-sgp-aks-sea-emm-prd,0.395
2025-04-29 08:57:18,pos-apply-sgp-aks-sea-emm-prd,0.043
2025-04-29 13:16:43,pos-apply-sgp-aks-sea-emm-prd,0.011
2025-04-30 01:42:38,pos-apply-sgp-aks-sea-emm-prd,0.065
2025-04-30 02:49:02,pos-apply-sgp-aks-sea-emm-prd,0.025
2025-04-30 02:49:13,pos-apply-sgp-aks-sea-emm-prd,0.027
2025-04-30 02:49:17,pos-apply-sgp-aks-sea-emm-prd,0.024
2025-04-30 02:50:35,pos-apply-sgp-aks-sea-emm-prd,0.025
2025-04-30 02:50:36,pos-apply-sgp-aks-sea-emm-prd,0.023
2025-04-30 02:52:13,pos-apply-sgp-aks-sea-emm-prd,0.026
2025-04-30 02:52:30,pos-apply-sgp-aks-sea-emm-prd,0.4
2025-04-30 03:00:59,pos-apply-sgp-aks-sea-emm-prd,0.025
2025-04-30 03:01:06,pos-apply-sgp-aks-sea-emm-prd,0.018
2025-04-30 03:01:11,pos-apply-sgp-aks-sea-emm-prd,0.024
2025-04-30 03:01:14,pos-apply-sgp-aks-sea-emm-prd,0.117
2025-04-30 07:09:25,pos-apply-sgp-aks-sea-emm-prd,1.296
2025-04-30 07:09:34,pos-apply-sgp-aks-sea-emm-prd,0.799
2025-04-30 08:07:39,pos-apply-sgp-aks-sea-emm-prd,0.044
2025-04-30 08:09:06,pos-apply-sgp-aks-sea-emm-prd,0.057
2025-05-01 05:59:02,pos-apply-sgp-aks-sea-emm-prd,30.058
2025-05-01 05:59:42,pos-apply-sgp-aks-sea-emm-prd,30.071
2025-05-01 06:01:40,pos-apply-sgp-aks-sea-emm-prd,5.017
2025-05-01 23:37:01,pos-apply-sgp-aks-sea-emm-prd,0.024
2025-05-01 23:37:18,pos-apply-sgp-aks-sea-emm-prd,0.028
2025-05-02 04:45:47,pos-apply-sgp-aks-sea-emm-prd,0.727
2025-05-02 04:45:58,pos-apply-sgp-aks-sea-emm-prd,0.922
2025-05-02 05:54:43,pos-apply-sgp-aks-sea-emm-prd,0.079
2025-05-02 05:54:50,pos-apply-sgp-aks-sea-emm-prd,0.035
2025-05-02 05:54:57,pos-apply-sgp-aks-sea-emm-prd,0.033
2025-05-02 05:55:03,pos-apply-sgp-aks-sea-emm-prd,0.025
2025-05-02 05:55:09,pos-apply-sgp-aks-sea-emm-prd,0.038
2025-05-02 05:55:15,pos-apply-sgp-aks-sea-emm-prd,0.034
2025-05-02 08:45:42,pos-apply-sgp-aks-sea-emm-prd,0.029
2025-05-02 08:45:55,pos-apply-sgp-aks-sea-emm-prd,0.025
2025-05-02 09:32:52,pos-apply-sgp-aks-sea-emm-prd,0.036
2025-05-02 12:33:57,pos-apply-sgp-aks-sea-emm-prd,0.576
2025-05-04 07:07:12,pos-apply-sgp-aks-sea-emm-prd,0.019
2025-05-04 07:07:44,pos-apply-sgp-aks-sea-emm-prd,0.027
2025-05-05 03:06:12,pos-apply-sgp-aks-sea-emm-prd,0.014
2025-05-05 03:15:20,pos-apply-sgp-aks-sea-emm-prd,0.022
2025-05-05 03:22:28,pos-apply-sgp-aks-sea-emm-prd,0.023
2025-05-05 03:26:29,pos-apply-sgp-aks-sea-emm-prd,0.04
2025-05-05 05:54:40,pos-apply-sgp-aks-sea-emm-prd,0.061
2025-05-05 05:56:53,pos-apply-sgp-aks-sea-emm-prd,0.052
2025-05-05 06:03:40,pos-apply-sgp-aks-sea-emm-prd,0.023
2025-05-05 06:30:06,pos-apply-sgp-aks-sea-emm-prd,0.018
2025-05-05 06:30:12,pos-apply-sgp-aks-sea-emm-prd,0.031
2025-05-05 08:15:31,pos-apply-sgp-aks-sea-emm-prd,0.03
2025-05-05 08:15:38,pos-apply-sgp-aks-sea-emm-prd,0.019
2025-05-05 11:31:51,pos-apply-sgp-aks-sea-emm-prd,0.096
2025-05-05 11:31:52,pos-apply-sgp-aks-sea-emm-prd,0.014
2025-05-05 11:32:01,pos-apply-sgp-aks-sea-emm-prd,0.018
2025-05-05 12:11:15,pos-apply-sgp-aks-sea-emm-prd,0.007
2025-05-05 12:12:23,pos-apply-sgp-aks-sea-emm-prd,0.029
2025-05-05 12:15:17,pos-apply-sgp-aks-sea-emm-prd,0.022
2025-05-05 13:55:46,pos-apply-sgp-aks-sea-emm-prd,0.027
2025-05-05 13:55:48,pos-apply-sgp-aks-sea-emm-prd,0.027
2025-05-05 13:57:20,pos-apply-sgp-aks-sea-emm-prd,0.018
2025-05-05 13:57:22,pos-apply-sgp-aks-sea-emm-prd,0.031
2025-05-05 14:00:12,pos-apply-sgp-aks-sea-emm-prd,0.04
2025-05-05 14:00:34,pos-apply-sgp-aks-sea-emm-prd,0.544
2025-05-05 14:02:22,pos-apply-sgp-aks-sea-emm-prd,0.066
2025-05-05 14:02:27,pos-apply-sgp-aks-sea-emm-prd,0.021
2025-05-05 14:06:38,pos-apply-sgp-aks-sea-emm-prd,0.024
2025-05-05 14:06:45,pos-apply-sgp-aks-sea-emm-prd,0.018
2025-05-05 14:13:26,pos-apply-sgp-aks-sea-emm-prd,0.028
2025-05-05 14:13:34,pos-apply-sgp-aks-sea-emm-prd,0.027
2025-05-06 02:14:03,pos-apply-sgp-aks-sea-emm-prd,0.103
2025-05-06 02:14:19,pos-apply-sgp-aks-sea-emm-prd,0.02
2025-05-06 02:14:20,pos-apply-sgp-aks-sea-emm-prd,0.024
2025-05-06 02:14:24,pos-apply-sgp-aks-sea-emm-prd,0.015
2025-05-06 02:14:36,pos-apply-sgp-aks-sea-emm-prd,0.023
2025-05-06 02:14:46,pos-apply-sgp-aks-sea-emm-prd,0.021
2025-05-06 02:17:10,pos-apply-sgp-aks-sea-emm-prd,0.191
2025-05-06 02:17:12,pos-apply-sgp-aks-sea-emm-prd,0.021
2025-05-06 05:04:17,pos-apply-sgp-aks-sea-emm-prd,0.026
2025-05-06 05:04:45,pos-apply-sgp-aks-sea-emm-prd,0.029
2025-05-06 05:07:56,pos-apply-sgp-aks-sea-emm-prd,0.034
2025-05-06 05:08:07,pos-apply-sgp-aks-sea-emm-prd,0.026
2025-05-06 05:11:05,pos-apply-sgp-aks-sea-emm-prd,0.032
2025-05-06 06:11:26,pos-apply-sgp-aks-sea-emm-prd,0.019
2025-05-06 06:13:23,pos-apply-sgp-aks-sea-emm-prd,0.023
2025-05-06 07:01:59,pos-apply-sgp-aks-sea-emm-prd,0.024
2025-05-06 07:18:08,pos-apply-sgp-aks-sea-emm-prd,0.023
2025-05-06 07:18:52,pos-apply-sgp-aks-sea-emm-prd,0.027
2025-05-06 07:19:04,pos-apply-sgp-aks-sea-emm-prd,0.029
2025-05-06 07:19:27,pos-apply-sgp-aks-sea-emm-prd,0.048
2025-05-06 08:27:27,pos-apply-sgp-aks-sea-emm-prd,0.053
2025-05-06 09:44:37,pos-apply-sgp-aks-sea-emm-prd,0.03
2025-05-06 09:44:45,pos-apply-sgp-aks-sea-emm-prd,0.017
2025-05-06 09:50:07,pos-apply-sgp-aks-sea-emm-prd,0.025
2025-05-06 09:50:16,pos-apply-sgp-aks-sea-emm-prd,0.021
2025-05-06 14:22:06,pos-apply-sgp-aks-sea-emm-prd,0.014
2025-05-06 23:35:32,pos-apply-sgp-aks-sea-emm-prd,0.054
2025-05-06 23:35:55,pos-apply-sgp-aks-sea-emm-prd,0.105
2025-05-06 23:36:18,pos-apply-sgp-aks-sea-emm-prd,0.023
2025-05-06 23:37:13,pos-apply-sgp-aks-sea-emm-prd,0.029
2025-05-06 23:37:29,pos-apply-sgp-aks-sea-emm-prd,0.031
2025-05-06 23:39:17,pos-apply-sgp-aks-sea-emm-prd,0.021
2025-05-07 00:23:52,pos-apply-sgp-aks-sea-emm-prd,0.493
2025-05-07 07:34:37,pos-apply-sgp-aks-sea-emm-prd,0.361
2025-05-07 07:38:12,pos-apply-sgp-aks-sea-emm-prd,1.971
2025-05-07 07:43:59,pos-apply-sgp-aks-sea-emm-prd,1.462
2025-05-07 08:33:48,pos-apply-sgp-aks-sea-emm-prd,1.511
2025-05-07 13:28:03,pos-apply-sgp-aks-sea-emm-prd,1.552
2025-05-07 14:00:35,pos-apply-sgp-aks-sea-emm-prd,1.93
2025-05-08 00:12:00,pos-apply-sgp-aks-sea-emm-prd,0.022
2025-05-08 00:12:32,pos-apply-sgp-aks-sea-emm-prd,0.037
2025-05-08 00:12:39,pos-apply-sgp-aks-sea-emm-prd,0.037
2025-05-08 00:12:46,pos-apply-sgp-aks-sea-emm-prd,0.015
2025-05-08 00:13:34,pos-apply-sgp-aks-sea-emm-prd,0.036
2025-05-08 00:13:36,pos-apply-sgp-aks-sea-emm-prd,0.035
2025-05-08 00:15:31,pos-apply-sgp-aks-sea-emm-prd,0.034
2025-05-08 00:15:44,pos-apply-sgp-aks-sea-emm-prd,0.05
2025-05-08 01:22:53,pos-apply-sgp-aks-sea-emm-prd,1.93
2025-05-08 01:42:33,pos-apply-sgp-aks-sea-emm-prd,1.315
2025-05-08 02:06:16,pos-apply-sgp-aks-sea-emm-prd,2.012
2025-05-08 06:13:04,pos-apply-sgp-aks-sea-emm-prd,0.035
2025-05-08 06:13:09,pos-apply-sgp-aks-sea-emm-prd,0.024
2025-05-08 06:14:27,pos-apply-sgp-aks-sea-emm-prd,0.026
2025-05-08 06:14:28,pos-apply-sgp-aks-sea-emm-prd,0.027
2025-05-08 07:53:38,pos-apply-sgp-aks-sea-emm-prd,0.016
2025-05-08 07:53:58,pos-apply-sgp-aks-sea-emm-prd,0.008
2025-05-09 09:09:10,pos-apply-sgp-aks-sea-emm-prd,0.023
2025-05-09 09:58:19,pos-apply-sgp-aks-sea-emm-prd,0.025
2025-05-10 13:24:21,pos-apply-sgp-aks-sea-emm-prd,0.063
2025-05-10 13:24:29,pos-apply-sgp-aks-sea-emm-prd,0.113
2025-05-10 13:25:18,pos-apply-sgp-aks-sea-emm-prd,0.022
2025-05-10 13:25:19,pos-apply-sgp-aks-sea-emm-prd,0.026
2025-05-10 13:25:33,pos-apply-sgp-aks-sea-emm-prd,0.032
2025-05-10 13:57:14,pos-apply-sgp-aks-sea-emm-prd,0.037
2025-05-10 13:57:33,pos-apply-sgp-aks-sea-emm-prd,0.025
2025-05-10 17:36:00,pos-apply-sgp-aks-sea-emm-prd,6.628
2025-05-11 01:21:36,pos-apply-sgp-aks-sea-emm-prd,0.031
2025-05-11 01:21:37,pos-apply-sgp-aks-sea-emm-prd,0.032
2025-05-11 01:22:08,pos-apply-sgp-aks-sea-emm-prd,0.017
2025-05-11 05:37:11,pos-apply-sgp-aks-sea-emm-prd,4.508
2025-05-11 10:30:59,pos-apply-sgp-aks-sea-emm-prd,1.194
2025-05-11 12:54:41,pos-apply-sgp-aks-sea-emm-prd,0.028
2025-05-11 12:54:49,pos-apply-sgp-aks-sea-emm-prd,0.029
2025-05-12 03:18:28,pos-apply-sgp-aks-sea-emm-prd,0.061
2025-05-12 04:50:36,pos-apply-sgp-aks-sea-emm-prd,0.059
2025-05-12 04:52:10,pos-apply-sgp-aks-sea-emm-prd,0.055
2025-05-12 04:53:20,pos-apply-sgp-aks-sea-emm-prd,0.056
2025-05-12 05:15:50,pos-apply-sgp-aks-sea-emm-prd,15.038
2025-05-12 05:16:48,pos-apply-sgp-aks-sea-emm-prd,30.061
2025-05-12 05:35:36,pos-apply-sgp-aks-sea-emm-prd,0.035
2025-05-12 06:36:06,pos-apply-sgp-aks-sea-emm-prd,0.048
2025-05-12 06:38:18,pos-apply-sgp-aks-sea-emm-prd,0.041
2025-05-12 06:45:38,pos-apply-sgp-aks-sea-emm-prd,0.047
2025-05-12 06:54:38,pos-apply-sgp-aks-sea-emm-prd,0.049
2025-05-12 07:07:54,pos-apply-sgp-aks-sea-emm-prd,0.038
2025-05-12 12:14:35,pos-apply-sgp-aks-sea-emm-prd,0.029
2025-05-12 12:14:51,pos-apply-sgp-aks-sea-emm-prd,0.024
2025-05-12 12:18:14,pos-apply-sgp-aks-sea-emm-prd,0.025
2025-05-12 12:18:17,pos-apply-sgp-aks-sea-emm-prd,0.023
2025-05-12 12:20:09,pos-apply-sgp-aks-sea-emm-prd,0.028
2025-05-12 12:20:23,pos-apply-sgp-aks-sea-emm-prd,0.055
2025-05-12 12:21:41,pos-apply-sgp-aks-sea-emm-prd,0.057
2025-05-12 12:40:37,pos-apply-sgp-aks-sea-emm-prd,0.034
2025-05-12 12:40:52,pos-apply-sgp-aks-sea-emm-prd,0.517
2025-05-12 12:44:21,pos-apply-sgp-aks-sea-emm-prd,0.03
2025-05-12 12:44:31,pos-apply-sgp-aks-sea-emm-prd,0.033
2025-05-12 13:15:09,pos-apply-sgp-aks-sea-emm-prd,0.031
2025-05-13 03:05:38,pos-apply-sgp-aks-sea-emm-prd,0.018
2025-05-13 03:08:15,pos-apply-sgp-aks-sea-emm-prd,0.051
2025-05-13 03:08:21,pos-apply-sgp-aks-sea-emm-prd,0.031
2025-05-13 05:27:43,pos-apply-sgp-aks-sea-emm-prd,0.023
2025-05-13 05:28:04,pos-apply-sgp-aks-sea-emm-prd,0.025
2025-05-13 05:28:06,pos-apply-sgp-aks-sea-emm-prd,0.021
2025-05-13 05:47:49,pos-apply-sgp-aks-sea-emm-prd,0.025
2025-05-13 05:48:15,pos-apply-sgp-aks-sea-emm-prd,0.041
2025-05-13 06:48:38,pos-apply-sgp-aks-sea-emm-prd,0.028
2025-05-13 06:49:29,pos-apply-sgp-aks-sea-emm-prd,0.036
2025-05-13 06:49:30,pos-apply-sgp-aks-sea-emm-prd,0.023
2025-05-13 06:50:35,pos-apply-sgp-aks-sea-emm-prd,0.025
2025-05-13 06:50:37,pos-apply-sgp-aks-sea-emm-prd,0.028
2025-05-13 06:56:02,pos-apply-sgp-aks-sea-emm-prd,0.021
2025-05-13 06:56:03,pos-apply-sgp-aks-sea-emm-prd,0.033
2025-05-13 10:21:41,pos-apply-sgp-aks-sea-emm-prd,5.984
2025-05-13 12:39:23,pos-apply-sgp-aks-sea-emm-prd,0.042
2025-05-13 12:46:56,pos-apply-sgp-aks-sea-emm-prd,0.028
2025-05-13 13:03:59,pos-apply-sgp-aks-sea-emm-prd,0.024
2025-05-13 13:04:01,pos-apply-sgp-aks-sea-emm-prd,0.03
2025-05-13 13:05:19,pos-apply-sgp-aks-sea-emm-prd,0.029
2025-05-13 13:05:20,pos-apply-sgp-aks-sea-emm-prd,0.102
2025-05-13 13:18:49,pos-apply-sgp-aks-sea-emm-prd,0.047
2025-05-13 13:18:58,pos-apply-sgp-aks-sea-emm-prd,0.024
2025-05-13 13:19:23,pos-apply-sgp-aks-sea-emm-prd,0.029
2025-05-13 23:21:32,pos-apply-sgp-aks-sea-emm-prd,0.051
2025-05-14 00:51:21,pos-apply-sgp-aks-sea-emm-prd,0.02
2025-05-14 00:54:29,pos-apply-sgp-aks-sea-emm-prd,0.029
2025-05-14 00:55:17,pos-apply-sgp-aks-sea-emm-prd,0.025
2025-05-14 00:56:22,pos-apply-sgp-aks-sea-emm-prd,0.032
2025-05-14 00:56:23,pos-apply-sgp-aks-sea-emm-prd,0.026
2025-05-14 02:29:15,pos-apply-sgp-aks-sea-emm-prd,0.037
2025-05-14 02:29:29,pos-apply-sgp-aks-sea-emm-prd,0.032
2025-05-14 02:30:21,pos-apply-sgp-aks-sea-emm-prd,0.024
2025-05-14 02:30:22,pos-apply-sgp-aks-sea-emm-prd,0.037
2025-05-14 02:30:24,pos-apply-sgp-aks-sea-emm-prd,0.024
2025-05-14 02:30:25,pos-apply-sgp-aks-sea-emm-prd,0.032
2025-05-14 02:32:53,pos-apply-sgp-aks-sea-emm-prd,0.033
2025-05-14 02:33:06,pos-apply-sgp-aks-sea-emm-prd,0.037
2025-05-14 02:34:09,pos-apply-sgp-aks-sea-emm-prd,0.026
2025-05-14 02:34:13,pos-apply-sgp-aks-sea-emm-prd,0.033
2025-05-14 02:35:55,pos-apply-sgp-aks-sea-emm-prd,0.037
2025-05-14 02:36:00,pos-apply-sgp-aks-sea-emm-prd,0.431
2025-05-14 03:41:51,pos-apply-sgp-aks-sea-emm-prd,0.037
2025-05-14 03:44:31,pos-apply-sgp-aks-sea-emm-prd,0.02
2025-05-14 03:44:40,pos-apply-sgp-aks-sea-emm-prd,0.037
2025-05-14 03:44:54,pos-apply-sgp-aks-sea-emm-prd,0.036
2025-05-14 03:51:47,pos-apply-sgp-aks-sea-emm-prd,0.035
2025-05-14 03:52:05,pos-apply-sgp-aks-sea-emm-prd,0.022
2025-05-14 03:53:23,pos-apply-sgp-aks-sea-emm-prd,0.031
2025-05-14 03:59:23,pos-apply-sgp-aks-sea-emm-prd,0.034
2025-05-14 03:59:28,pos-apply-sgp-aks-sea-emm-prd,0.028
2025-05-14 04:01:02,pos-apply-sgp-aks-sea-emm-prd,0.028
2025-05-14 05:24:43,pos-apply-sgp-aks-sea-emm-prd,0.011
2025-05-14 08:31:01,pos-apply-sgp-aks-sea-emm-prd,0.045
2025-05-14 08:31:06,pos-apply-sgp-aks-sea-emm-prd,0.024
2025-05-14 08:31:10,pos-apply-sgp-aks-sea-emm-prd,0.019
2025-05-14 12:57:55,pos-apply-sgp-aks-sea-emm-prd,1.165
2025-05-14 12:58:05,pos-apply-sgp-aks-sea-emm-prd,1.042
2025-05-14 14:19:51,pos-apply-sgp-aks-sea-emm-prd,0.029
2025-05-14 14:19:52,pos-apply-sgp-aks-sea-emm-prd,0.031
2025-05-15 04:36:00,pos-apply-sgp-aks-sea-emm-prd,19.736
2025-05-15 05:21:30,pos-apply-sgp-aks-sea-emm-prd,0.033
2025-05-15 05:23:54,pos-apply-sgp-aks-sea-emm-prd,0.036
2025-05-15 05:26:32,pos-apply-sgp-aks-sea-emm-prd,0.029
2025-05-16 03:57:46,pos-apply-sgp-aks-sea-emm-prd,0.02
2025-05-16 04:23:25,pos-apply-sgp-aks-sea-emm-prd,0.024
2025-05-16 04:27:30,pos-apply-sgp-aks-sea-emm-prd,0.029
2025-05-16 04:27:37,pos-apply-sgp-aks-sea-emm-prd,0.026
2025-05-16 05:30:48,pos-apply-sgp-aks-sea-emm-prd,0.016
2025-05-16 06:30:34,pos-apply-sgp-aks-sea-emm-prd,0.027
2025-05-16 06:30:36,pos-apply-sgp-aks-sea-emm-prd,0.023
2025-05-16 06:38:58,pos-apply-sgp-aks-sea-emm-prd,0.022
2025-05-16 06:39:08,pos-apply-sgp-aks-sea-emm-prd,0.021
2025-05-16 07:14:46,pos-apply-sgp-aks-sea-emm-prd,0.033
2025-05-16 07:15:03,pos-apply-sgp-aks-sea-emm-prd,0.093
2025-05-16 07:30:36,pos-apply-sgp-aks-sea-emm-prd,0.04
